url,citations
https://www.dealpulseksa.com/blog/best-coupons-saudi-arabia-2026,129
https://www.dealpulseksa.com/calendar,82
https://www.dealpulseksa.com/blog/oud-types-guide-saudi-arabia,43
https://www.dealpulseksa.com/blog/real-vs-fake-oud-guide-saudi-arabia,22
https://www.dealpulseksa.com/blog/best-saudi-online-stores-2026,18
https://www.dealpulseksa.com/blog/oud-perfume-guide-saudi-arabia,18
https://www.dealpulseksa.com/blog/oud-prices-guide-saudi-arabia,17
https://www.dealpulseksa.com/blog/zid-pricing-plans-guide-saudi,7
https://www.dealpulseksa.com/blog/zid-plans-comparison-saudi,4
https://www.dealpulseksa.com/blog/aliexpress-car-ac-systems-saudi-arabia,4
https://www.dealpulseksa.com/blog/oud-trees-guide-saudi-arabia,2
https://www.dealpulseksa.com/blog/shafaq-canes-crutches-saudi,2
https://www.dealpulseksa.com/blog/assessment-measurement-types-guide-saudi,2
https://www.dealpulseksa.com/blog/oud-extraction-guide-saudi-arabia,2
https://www.dealpulseksa.com/blog/aliexpress-brake-fluid-dot4-dot51-saudi-arabia,2
https://www.dealpulseksa.com/blog/hadaf-negotiation-course-saudi,2
https://www.dealpulseksa.com/blog/zid-shipping-guide-saudi,2
https://www.dealpulseksa.com/store/بيد إن روم,2
https://www.dealpulseksa.com/blog/school-meetings-minutes-guide-saudi,2
https://www.dealpulseksa.com/blog/lesson-preparation-templates-guide-saudi,1
https://www.dealpulseksa.com/category/منتجات رقمية,1
https://www.dealpulseksa.com/blog/school-operational-plan-guide-saudi,1
https://www.dealpulseksa.com/blog/home-furniture-sofa-majlis-guide-saudi-arabia,1
https://www.dealpulseksa.com/blog/aliexpress-clutch-master-slave-cylinder-saudi-arabia,1
https://www.dealpulseksa.com/blog/huawei-nova-series-saudi,1
https://www.dealpulseksa.com/blog/honey-buying-guide-saudi-arabia,1
https://www.dealpulseksa.com/blog/student-activities-plan-guide-saudi,1
https://www.dealpulseksa.com/blog/alibaba-watches-wholesale-saudi-arabia,1
https://www.dealpulseksa.com/c/كود-خصم-toyou-2026-en,1
https://www.dealpulseksa.com/blog/oud-burning-guide-saudi-arabia,1
https://www.dealpulseksa.com/blog/oud-care-storage-guide-saudi-arabia,1
https://www.dealpulseksa.com/blog/phone-accessories-anc-headphones-guide-saudi-arabia,1
